id,name,prompt,query,params
"55b1864a-d313-4a2d-9b55-e6a3948be02d","Account Summary","Given an account named [ACCOUNT_NAME], with the following notes:

[NOTES]

Write a summary of the account.","select * from 'dat/accounts.csv'","{}"
"ecc21fd6-ec6e-4d18-805f-de5c5be0e1de","SoW Vetting","Given the text of a scope of work:

[SOW_TEXT]

Are there any problems with this scope of work?
Remember that it is for client [CLIENT_NAME], on
the [PROJECT_NAME] project.","select * from 'dat/accounts.csv';","{}"
